wavelength,flux
3805.397,1.568
3806.273,1.042
3807.15,-2.123
3808.026,1.642
3808.904,-0.196
3809.781,3.265
3810.659,1.464
3811.536,2.403
3812.413,-1.76
3813.292,0.711
3814.169,9.29
3815.048,2.247
3815.926,-1.604
3816.806,-1.404
3817.684,1.509
3818.562,3.597
3819.443,3.431
3820.322,3.53
3821.202,3.294
3822.082,1.172
3822.963,-0.05
3823.842,0.995
3824.724,-1.731
3825.604,5.902
3826.484,8.701
3827.366,-0.885
3828.247,1.856
3829.13,8.929
3830.01,5.642
3830.894,-0.348
3831.775,0.555
3832.656,-0.625
3833.54,9.148
3834.422,5.683
3835.306,1.056
3836.189,2.201
3837.073,-2.795
3837.956,-3.466
3838.839,5.446
3839.724,4.697
3840.608,-2.129
3841.493,2.511
3842.377,4.632
3843.263,4.181
3844.147,7.263
3845.031,1.546
3845.918,-1.635
3846.803,2.611
3847.69,3
3848.575,4.55
3849.463,0.864
3850.348,9.571
3851.234,4.59
3852.122,4.27
3853.008,2.968
3853.897,4.439
3854.783,3.376
3855.672,0.066
3856.559,4.515
3857.446,2.654
3858.336,6.999
3859.223,3.358
3860.114,6.67
3861.001,2.259
3861.892,-0.149
3862.78,5.458
3863.669,8.773
3864.56,6.767
3865.449,7.977
3866.34,4.57
3867.23,5.04
3868.121,0.171
3869.011,1.587
3869.901,4.371
3870.794,4.747
3871.684,3.866
3872.577,2.643
3873.468,1.9
3874.361,2.217
3875.252,1.038
3876.144,3.843
3877.038,4.327
3877.93,0.647
3878.824,-4.732
3879.716,-2.89
3880.611,4.18
3881.504,5.39
3882.396,4.891
3883.292,-0.29
3884.185,0.853
3885.081,9.09
3885.975,9.081
3886.871,6.534
3887.765,2.994
3888.659,0.666
3889.556,1.87
3890.451,1.816
3891.348,2.963
3892.243,4.971
3893.141,3.989
3894.036,5.004
3894.934,5.362
3895.83,6.401
3896.726,3.437
3897.625,-0.538
3898.521,-0.3
3899.421,-3.869
3900.318,-1.776
3901.217,3.448
3902.115,3.431
3903.012,2.773
3903.912,3.877
3904.81,2.096
3905.711,-1.075
3906.609,0.577
3907.51,6.373
3908.409,6.989
3909.308,3.659
3910.21,3.738
3911.109,3.516
3912.011,3.416
3912.911,3.834
3913.813,5.594
3914.714,6.998
3915.614,3.778
3916.517,-1.283
3917.418,2.025
3918.322,3.115
3919.223,1.735
3920.127,-0.389
3921.029,0.272
3921.931,0.894
3922.835,1.289
3923.737,4.634
3924.642,6.608
3925.545,1.306
3926.45,4.994
3927.354,1.059
3928.257,0.762
3929.163,0.546
3930.067,3.689
3930.973,6.071
3931.877,3.014
3932.784,-0.713
3933.689,1.44
3934.594,6.184
3935.501,1.568
3936.406,3.655
3937.314,4.438
3938.22,6.169
3939.128,3.492
3940.034,3.093
3940.941,6.045
3941.849,3.022
3942.756,2.508
3943.665,3.542
3944.573,1.921
3945.482,4.797
3946.39,8.087
3947.298,7.254
3948.208,2.617
3949.116,0.672
3950.027,3.239
3950.936,2.679
3951.847,-0.629
3952.756,2.906
3953.665,5.031
3954.577,3.874
3955.487,2.492
3956.399,6.057
3957.309,5.64
3958.221,2.349
3959.132,3.308
3960.045,4.391
3960.956,3.729
3961.867,5.498
3962.781,-1.852
3963.692,1.289
3964.606,6.546
3965.519,2.208
3966.433,2.364
3967.345,5.521
3968.258,1.624
3969.173,2.868
3970.086,2.523
3971.002,3.335
3971.915,2.169
3972.831,3.848
3973.745,1.328
3974.659,1.224
3975.576,3.839
3976.49,4.601
3977.407,3.308
3978.323,0.479
3979.24,2.994
3980.155,3.656
3981.071,0.892
3981.989,2.198
3982.905,3.34
3983.823,3.375
3984.74,2.342
3985.659,1.822
3986.576,2.11
3987.493,-0.305
3988.412,0.816
3989.33,2.916
3990.25,5.253
3991.168,4.232
3992.088,3.592
3993.006,4.349
3993.925,3.966
3994.846,2.593
3995.765,3.112
3996.686,3.504
3997.606,0.384
3998.528,2.65
3999.448,2.693
4000.367,1.394
4001.29,1.648
4002.21,2.871
4003.133,1.128
4004.054,-0.664
4004.978,2.19
4005.899,2.051
4006.821,2.643
4007.745,0.816
4008.667,5.939
4009.591,6.325
4010.513,3.026
4011.438,2.581
4012.361,6.034
4013.284,6.226
4014.209,1.85
4015.133,4.327
4016.059,4.481
4016.983,4.118
4017.909,3.975
4018.833,4.502
4019.758,4.495
4020.685,2.754
4021.61,1.988
4022.537,4.737
4023.462,6.071
4024.39,2.053
4025.316,4.339
4026.242,3.839
4027.17,5.765
4028.097,4.433
4029.026,4.475
4029.953,3.354
4030.882,2.124
4031.809,2.694
4032.739,1.795
4033.667,2.143
4034.595,-0.063
4035.525,4.352
4036.453,2.321
4037.384,1.345
4038.313,3.602
4039.244,5.319
4040.174,5.499
4041.103,3.74
4042.035,0.679
4042.965,2.015
4043.897,3.207
4044.827,4.054
4045.76,4.392
4046.691,-2.603
4047.622,2.648
4048.555,5.17
4049.486,1.29
4050.42,3.185
4051.352,5.2
4052.286,0.446
4053.219,2.588
4054.151,4.101
4055.086,2.753
4056.019,3.879
4056.954,8.202
4057.887,5.755
4058.823,2.294
4059.757,2.82
4060.691,2.341
4061.627,0.894
4062.561,0.269
4063.498,1.665
4064.433,0.107
4065.37,-3.485
4066.305,1.53
4067.241,3.366
4068.179,4.828
4069.115,5.581
4070.053,1.843
4070.989,3.048
4071.928,6.249
4072.865,2.836
4073.802,3.868
4074.741,2.195
4075.679,4.854
4076.618,4.977
4077.556,4.61
4078.497,4.385
4079.435,2.251
4080.373,2.485
4081.314,4.561
4082.253,3.668
4083.194,4.114
4084.134,3.272
4085.076,5
4086.015,6.184
4086.955,3.468
4087.898,4.108
4088.838,6.467
4089.781,4.226
4090.722,6.103
4091.665,5.119
4092.606,3.69
4093.548,1.31
4094.492,3.086
4095.434,5.014
4096.378,3.083
4097.321,1.934
4098.266,4.174
4099.208,5.712
4100.151,5.079
4101.097,5.99
4102.04,1.983
4102.986,6.437
4103.93,0.471
4104.876,5.35
4105.821,5.66
4106.768,2.733
4107.712,2.866
4108.657,2.713
4109.604,0.295
4110.55,-0.01
4111.498,6.848
4112.444,1.584
4113.392,3.207
4114.338,4.904
4115.285,7.161
4116.234,5.212
4117.181,3.963
4118.13,6.056
4119.078,5.804
4120.027,3.986
4120.975,5.891
4121.923,5.01
4122.874,5.233
4123.822,3.154
4124.773,4.202
4125.722,5.376
4126.673,3.922
4127.623,4.527
4128.572,5.334
4129.524,3.71
4130.475,4.893
4131.427,0.488
4132.377,5.302
4133.33,4.407
4134.281,3.19
4135.232,2.591
4136.186,4.457
4137.137,3.78
4138.091,2.316
4139.043,4.896
4139.998,6.81
4140.95,4.077
4141.903,3.643
4142.858,4.064
4143.811,5.611
4144.767,3.005
4145.72,2.431
4146.676,1.98
4147.63,3.741
4148.584,6.29
4149.541,4.603
4150.495,2.892
4151.453,3.254
4152.407,0.769
4153.365,2.323
4154.32,3.227
4155.276,5.318
4156.234,5.147
4157.19,5.897
4158.149,6.554
4159.105,5.907
4160.065,5.443
4161.022,3.668
4161.979,2.242
4162.939,3.454
4163.896,4.049
4164.856,2.188
4165.815,2.134
4166.775,2.69
4167.734,4.559
4168.693,3.051
4169.654,0.342
4170.613,2.426
4171.575,3.689
4172.535,4.145
4173.497,0.239
4174.457,2.507
4175.417,1.838
4176.38,2.517
4177.341,4.025
4178.304,3.93
4179.265,3.025
4180.229,3.478
4181.191,4.446
4182.155,3.264
4183.117,2.04
4184.08,4.393
4185.044,4.577
4186.007,2.079
4186.972,4.207
4187.936,5.006
4188.901,5.138
4189.865,4.652
4190.829,4.397
4191.795,5.527
4192.759,3.636
4193.726,6.715
4194.691,5.428
4195.658,3.379
4196.624,2.775
4197.589,2.39
4198.557,3.461
4199.523,2.986
4200.491,4.815
4201.458,7.156
4202.426,4.238
4203.393,3.117
4204.36,1.974
4205.33,5.309
4206.297,3.504
4207.267,3.306
4208.235,4.531
4209.205,3.823
4210.174,1.711
4211.142,2.416
4212.113,4.174
4213.082,4.27
4214.054,6.075
4215.023,3.79
4215.995,3.058
4216.965,8.921
4217.935,5.103
4218.908,4.9
4219.878,4.406
4220.852,6.431
4221.822,6.649
4222.796,4.599
4223.768,5.212
4224.739,4.762
4225.713,2.832
4226.686,3.628
4227.66,4.561
4228.633,2.865
4229.608,1.974
4230.581,3.304
4231.554,6.051
4232.53,5.538
4233.503,3.43
4234.48,3.554
4235.454,3.638
4236.431,2.222
4237.405,1.772
4238.38,3.115
4239.357,5.917
4240.333,3.218
4241.311,3.422
4242.286,5.875
4243.264,4.163
4244.241,3.368
4245.217,5.021
4246.196,4.323
4247.173,5.186
4248.152,4.56
4249.129,6.007
4250.109,3.536
4251.087,3.872
4252.065,4.371
4253.045,3.736
4254.024,5.428
4255.005,4.628
4255.983,3.162
4256.965,3.02
4257.944,0.497
4258.926,3.963
4259.906,5.843
4260.886,3.518
4261.869,4.617
4262.849,3.09
4263.832,2.296
4264.813,3.034
4265.796,3.854
4266.778,4.413
4267.759,4.9
4268.743,3.671
4269.726,1.432
4270.71,4.309
4271.692,4.943
4272.677,3.136
4273.661,4.366
4274.644,3.604
4275.629,0.309
4276.613,1.657
4277.599,2.874
4278.583,1.254
4279.57,2.137
4280.554,4.674
4281.539,2.933
4282.526,2.06
4283.512,4.223
4284.499,3.923
4285.485,2.868
4286.473,4.534
4287.459,4.005
4288.445,4.011
4289.435,4.178
4290.421,5.148
4291.411,5.723
4292.398,3.895
4293.388,5.662
4294.375,4.547
4295.363,4.513
4296.354,3.711
4297.342,6.41
4298.333,4.661
4299.322,4.72
4300.313,3.321
4301.303,2.444
4302.292,3.362
4303.284,2.401
4304.274,2.001
4305.267,3.963
4306.257,4.05
4307.25,5.752
4308.241,4.815
4309.232,5.164
4310.226,4.855
4311.217,4.83
4312.211,4.879
4313.204,4.223
4314.198,4.049
4315.19,4.102
4316.184,3.811
4317.179,5.913
4318.172,5.325
4319.167,1.961
4320.161,4.693
4321.157,5.123
4322.151,4.008
4323.146,4.481
4324.143,4.705
4325.138,4.539
4326.135,4.723
4327.13,5.427
4328.128,5.464
4329.124,3.34
4330.12,4.36
4331.118,3.941
4332.114,2.849
4333.113,2.273
4334.11,4.431
4335.11,3.686
4336.107,3.216
4337.107,4.322
4338.104,4.879
4339.103,3.991
4340.103,3.344
4341.102,3.532
4342.103,2.395
4343.102,6.606
4344.103,4.746
4345.103,4.33
4346.102,3.183
4347.104,4.064
4348.104,5.6
4349.107,3.808
4350.107,5.826
4351.11,8.235
4352.111,4.734
4353.113,4.798
4354.117,5.653
4355.118,4.366
4356.123,5.849
4357.125,3.61
4358.129,4.896
4359.132,5.477
4360.135,3.82
4361.14,4.236
4362.144,2.273
4363.149,4.028
4364.153,7.78
4365.159,4.03
4366.164,6.798
4367.168,8.835
4368.175,5.149
4369.18,5.379
4370.188,6.176
4371.193,5.993
4372.201,5.646
4373.207,2.76
4374.213,4.644
4375.221,5.295
4376.228,4.443
4377.237,6.318
4378.244,4.278
4379.253,3.462
4380.261,2.084
4381.269,3.163
4382.279,2.638
4383.287,0.731
4384.298,1.646
4385.307,3.032
4386.318,1.771
4387.327,2.22
4388.336,2.492
4389.348,1.735
4390.358,2.705
4391.37,3.257
4392.38,4.289
4393.394,6.034
4394.404,4.337
4395.415,6.031
4396.429,5.215
4397.44,3.806
4398.454,4.921
4399.466,4.899
4400.48,3.635
4401.493,4.148
4402.505,5.799
4403.521,5.571
4404.534,4.162
4405.549,4.344
4406.562,5.301
4407.579,7.276
4408.593,4.627
4409.607,4.555
4410.624,6.43
4411.639,4.661
4412.656,3.389
4413.671,5.245
4414.688,5.275
4415.704,3.344
4416.723,2.256
4417.739,0.985
4418.755,2.985
4419.774,2.223
4420.791,2.493
4421.81,2.311
4422.827,4.019
4423.847,4.651
4424.865,4.141
4425.883,1.028
4426.903,1.138
4427.922,2.549
4428.943,2.623
4429.962,3.29
4430.983,4.098
4432.002,4.121
4433.022,4.223
4434.044,4.27
4435.064,4.587
4436.087,4.071
4437.108,6.311
4438.131,6.035
4439.152,4.344
4440.173,5.875
4441.197,4.968
4442.219,3.03
4443.243,3.795
4444.265,5.179
4445.29,5.555
4446.312,3.984
4447.335,8.173
4448.361,3.919
4449.384,5.415
4450.411,6.02
4451.434,5.951
4452.461,4.655
4453.485,6.128
4454.51,6.435
4455.537,5.55
4456.562,5.704
4457.589,4.682
4458.615,3.857
4459.643,6.159
4460.669,5.532
4461.695,8.005
4462.724,7.571
4463.75,7.896
4464.78,5.952
4465.807,4.999
4466.837,5.3
4467.864,5.789
4468.892,5.46
4469.923,4.417
4470.951,5.686
4471.982,6.218
4473.011,4.394
4474.042,6.83
4475.072,3.843
4476.101,1.328
4477.133,5.653
4478.163,4.408
4479.196,6.214
4480.227,6.359
4481.259,6.593
4482.291,7.255
4483.321,6.698
4484.355,6.665
4485.387,6.411
4486.421,5.809
4487.454,5.685
4488.488,4.219
4489.521,5.738
4490.554,4.921
4491.589,5.05
4492.623,5.672
4493.658,6.302
4494.692,6.539
4495.729,6.009
4496.763,5.345
4497.8,5.082
4498.834,5.971
4499.87,5.251
4500.907,5.599
4501.942,7.455
4502.98,5.113
4504.017,6.605
4505.055,6.699
4506.091,6.462
4507.128,3.669
4508.167,6.247
4509.205,5.821
4510.245,5.638
4511.282,6.262
4512.322,5.245
4513.36,5.782
4514.398,6.464
4515.439,5.885
4516.479,5.831
4517.52,6.679
4518.559,7.252
4519.601,5.298
4520.641,6.855
4521.681,5.64
4522.724,6.856
4523.764,7.006
4524.807,6.816
4525.848,4.803
4526.892,5.46
4527.933,5.851
4528.975,5.435
4530.019,4.502
4531.061,4.522
4532.106,5.393
4533.149,5.199
4534.194,5.343
4535.237,3.938
4536.28,6.475
4537.327,6.362
4538.37,4.286
4539.417,3.366
4540.461,5.581
4541.508,4.713
4542.553,6.681
4543.598,5.84
4544.646,5.584
4545.691,4.954
4546.739,4.046
4547.785,5.572
4548.834,7.003
4549.88,8.535
4550.927,5.339
4551.977,4.084
4553.024,4.774
4554.074,6.976
4555.122,5.208
4556.172,5.691
4557.22,4.608
4558.269,4.661
4559.319,7.201
4560.368,6.666
4561.42,5.852
4562.469,5.459
4563.521,4.642
4564.571,5.282
4565.621,5.567
4566.674,5.105
4567.725,4.01
4568.778,4.937
4569.829,5.165
4570.883,3.423
4571.934,4.595
4572.989,3.653
4574.041,4.833
4575.093,4.374
4576.148,5.233
4577.201,3.871
4578.256,4.306
4579.309,5.096
4580.365,2.692
4581.419,3.468
4582.473,4.832
4583.53,4.604
4584.584,9.692
4585.641,5.943
4586.696,4.94
4587.754,3.453
4588.809,7.357
4589.865,6.743
4590.923,5.696
4591.979,4.786
4593.039,6.681
4594.095,6.812
4595.154,4.262
4596.211,4.2
4597.269,5.384
4598.329,4.638
4599.387,4.594
4600.447,4.779
4601.506,4.764
4602.567,4.581
4603.625,6.447
4604.685,5.67
4605.747,5.797
4606.806,5.938
4607.869,6.374
4608.929,3.963
4609.991,3.711
4611.052,5.4
4612.113,5.553
4613.176,5.947
4614.237,6.446
4615.301,6.397
4616.363,7.005
4617.428,5.961
4618.49,5.789
4619.552,6.615
4620.618,4.915
4621.681,6.096
4622.747,5.878
4623.81,5.367
4624.876,5.299
4625.94,5.406
4627.004,5.659
4628.071,6.62
4629.136,4.657
4630.203,5.011
4631.269,4.999
4632.336,4.192
4633.402,5.403
4634.468,4.99
4635.537,6.28
4636.603,6.482
4637.672,6.139
4638.739,5.823
4639.809,4.482
4640.876,5.68
4641.944,5.216
4643.014,4.388
4644.083,4.521
4645.153,5.225
4646.222,6.212
4647.293,5.549
4648.362,6.008
4649.432,5.474
4650.504,4.961
4651.574,6.247
4652.646,6.254
4653.717,4.669
4654.79,3.272
4655.861,5.328
4656.935,5.786
4658.006,7.297
4659.077,5.622
4660.152,3.391
4661.224,4.405
4662.298,5.3
4663.371,4.585
4664.446,5.379
4665.52,4.486
4666.593,5.156
4667.669,4.777
4668.743,3.744
4669.819,4.309
4670.894,4.815
4671.971,5.661
4673.045,7.26
4674.121,7.231
4675.198,5.737
4676.274,5.351
4677.352,6.309
4678.428,3.579
4679.507,4.949
4680.583,4.824
4681.66,3.141
4682.74,5.006
4683.817,5.743
4684.897,5.98
4685.975,6.189
4687.056,4.453
4688.134,5.445
4689.212,6.528
4690.293,4.935
4691.373,5.838
4692.455,6.897
4693.534,5.877
4694.616,7.258
4695.696,4.978
4696.776,4.02
4697.859,5.824
4698.94,4.447
4700.024,5.418
4701.105,3.46
4702.189,4.992
4703.271,4.746
4704.353,5.361
4705.438,5.79
4706.52,5.601
4707.605,6.097
4708.688,4.736
4709.774,5.508
4710.858,5.872
4711.941,3.42
4713.028,4.551
4714.112,4.842
4715.199,5.111
4716.284,7.043
4717.372,6.44
4718.457,5.062
4719.542,4.588
4720.631,5.543
4721.717,6.96
4722.806,6.178
4723.892,6.251
4724.981,6.324
4726.068,6.239
4727.155,6.708
4728.246,5.319
4729.333,5.814
4730.424,6.656
4731.512,6.906
4732.603,7.852
4733.692,7.21
4734.781,4.737
4735.873,4.441
4736.962,6.249
4738.055,3.952
4739.145,4.307
4740.237,6.164
4741.328,7.119
4742.421,5.086
4743.512,4.844
4744.604,5.422
4745.697,5.473
4746.789,5.41
4747.884,5.095
4748.976,4.745
4750.071,5.215
4751.164,7.155
4752.257,6.978
4753.353,5.375
4754.446,5.297
4755.542,6.546
4756.637,5.715
4757.733,4.474
4758.828,6.678
4759.923,5.622
4761.021,5.353
4762.116,6.613
4763.214,5.329
4764.31,4.214
4765.408,5.145
4766.504,4.454
4767.601,4.279
4768.7,5.51
4769.797,5.293
4770.897,7.16
4771.995,6.65
4773.095,5.769
4774.193,6.386
4775.292,6.137
4776.393,4.842
4777.492,5.905
4778.593,6.286
4779.692,5.023
4780.795,6.75
4781.895,8.17
4782.995,5.696
4784.098,4.378
4785.198,6.129
4786.302,5.79
4787.403,5.543
4788.507,6.668
4789.608,6.054
4790.71,5.344
4791.815,4.748
4792.917,5.056
4794.022,5.053
4795.125,4.639
4796.231,4.32
4797.334,4.232
4798.438,2.851
4799.544,5.431
4800.649,5.814
4801.756,3.897
4802.86,4.186
4803.968,4.317
4805.073,4.209
4806.178,5.377
4807.287,5.35
4808.393,4.491
4809.501,3.491
4810.608,4.427
4811.717,5.164
4812.824,3.915
4813.931,7.645
4815.042,5.852
4816.149,7.08
4817.26,6.818
4818.368,3.897
4819.479,5.514
4820.588,7.264
4821.697,5.365
4822.809,4.366
4823.918,5.746
4825.03,6.34
4826.14,5.847
4827.253,4.528
4828.364,4.424
4829.477,5.786
4830.588,4.222
4831.699,4.758
4832.813,7.764
4833.925,5.993
4835.04,4.828
4836.152,4.77
4837.268,4.884
4838.38,2.889
4839.494,5.491
4840.609,6.358
4841.723,4.908
4842.839,5.284
4843.954,6.649
4845.071,6.341
4846.185,4.383
4847.3,6.217
4848.418,5.366
4849.533,5.734
4850.651,6.52
4851.768,7.114
4852.886,6.379
4854.002,7.192
4855.119,7.075
4856.239,6.337
4857.356,5.866
4858.476,5.396
4859.594,5.589
4860.714,6.656
4861.833,6.871
4862.951,5.848
4864.072,5.905
4865.191,6.232
4866.313,5.862
4867.433,6.493
4868.555,5.249
4869.675,7.211
4870.795,5.064
4871.919,6.208
4873.04,4.217
4874.163,6.112
4875.285,4.691
4876.409,5.718
4877.531,5.184
4878.653,5.495
4879.778,5.801
4880.9,5.795
4882.026,5.736
4883.149,4.604
4884.275,5.045
4885.398,6.128
4886.522,4.99
4887.649,3.892
4888.773,5.612
4889.901,5.697
4891.026,5.211
4892.154,4.184
4893.279,3.796
4894.405,6.219
4895.534,5.471
4896.66,4.538
4897.789,5.342
4898.916,4.731
4900.045,5.303
4901.172,4.867
4902.3,6.214
4903.431,6.464
4904.559,6.579
4905.689,4.881
4906.818,6.029
4907.95,6.112
4909.079,5.447
4910.208,5.492
4911.34,5.06
4912.47,6.998
4913.603,4.951
4914.733,4.739
4915.867,5.059
4916.998,5.119
4918.131,7.461
4919.263,6.618
4920.395,6.706
4921.529,6.66
4922.661,5.729
4923.796,6.122
4924.929,4.687
4926.065,5.45
4927.198,8.056
4928.332,7.189
4929.468,6.963
4930.602,6.625
4931.739,4.484
4932.874,5.351
4934.011,6.242
4935.146,6.247
4936.281,6.945
4937.419,6.172
4938.556,5.396
4939.694,3.698
4940.831,5.522
4941.97,6.121
4943.107,7.224
4944.244,5.112
4945.384,5.222
4946.522,6.221
4947.663,4.961
4948.801,5.596
4949.942,7.8
4951.081,6.026
4952.22,6.142
4953.362,6.895
4954.501,5.744
4955.644,5.347
4956.784,6.885
4957.927,6.472
4959.067,6.29
4960.208,6.97
4961.352,5.984
4962.493,6.63
4963.638,6.727
4964.779,6.029
4965.924,5.92
4967.067,5.155
4968.209,4.584
4969.355,5.537
4970.498,6.281
4971.645,5.632
4972.788,5.334
4973.935,5.848
4975.079,5.78
4976.224,5.2
4977.371,6.718
4978.516,9.726
4979.664,7.001
4980.81,7.094
4981.958,5.951
4983.104,4.727
4984.251,5.958
4985.4,5.978
4986.547,5.854
4987.697,6.373
4988.844,6.439
4989.995,5.816
4991.143,8.237
4992.291,6.15
4993.442,6.045
4994.591,6.395
4995.743,6.446
4996.892,4.954
4998.044,4.667
4999.194,6.337
5000.344,8.02
5001.497,6.061
5002.647,5.336
5003.801,6.947
5004.952,4.59
5006.106,6.386
5007.258,5.617
5008.413,5.062
5009.565,6.184
5010.717,6.264
5011.873,5.608
5013.026,5.152
5014.182,5.921
5015.335,6.425
5016.492,6.338
5017.646,6.713
5018.8,6.287
5019.958,6.992
5021.112,7.489
5022.27,6.806
5023.426,6.864
5024.584,5.408
5025.74,6.138
5026.896,6.201
5028.055,7.394
5029.212,5.69
5030.372,5.677
5031.529,6.285
5032.689,6.358
5033.847,6.306
5035.005,7.32
5036.166,6.179
5037.325,6.357
5038.486,6.436
5039.646,6.199
5040.808,6.283
5041.967,7.945
5043.127,6.205
5044.29,7.116
5045.45,7.209
5046.614,6.7
5047.775,7.071
5048.939,5.844
5050.1,4.872
5051.262,5.245
5052.427,5.819
5053.589,7.015
5054.754,6.591
5055.917,4.79
5057.083,5.394
5058.247,4.869
5059.41,5.354
5060.577,8.274
5061.741,8.723
5062.908,5.269
5064.073,5.114
5065.241,5.702
5066.406,7.351
5067.572,7.444
5068.74,8.013
5069.906,5.442
5071.075,5.271
5072.242,5.111
5073.412,5.035
5074.579,6.682
5075.746,6.142
5076.917,7.28
5078.084,7.291
5079.255,5.809
5080.424,6.532
5081.596,5.789
5082.765,5.082
5083.934,6.224
5085.106,6.713
5086.276,6.912
5087.449,6.669
5088.619,6.739
5089.792,7.334
5090.963,7.355
5092.135,6.622
5093.309,6.008
5094.48,7.686
5095.655,7.977
5096.828,6.675
5098.003,6.352
5099.176,7.447
5100.352,7.123
5101.525,6.878
5102.699,6.798
5103.875,6.412
5105.049,6.408
5106.227,6.681
5107.401,7.129
5108.579,6.272
5109.754,5.913
5110.93,7.304
5112.108,7.147
5113.284,7.399
5114.463,5.756
5115.64,7.037
5116.82,7.662
5117.997,6.529
5119.174,5.688
5120.354,6.847
5121.533,6.074
5122.713,6.61
5123.892,7.627
5125.074,7.277
5126.252,6.515
5127.432,5.663
5128.614,6.527
5129.794,6.816
5130.977,4.931
5132.157,7.535
5133.341,5.956
5134.522,6.762
5135.703,7.307
5136.887,6.061
5138.069,7.354
5139.254,6.826
5140.436,6.813
5141.622,6.891
5142.804,7.368
5143.987,6.136
5145.174,7.84
5146.357,7.027
5147.544,6.809
5148.728,8.154
5149.916,6.036
5151.1,5.857
5152.285,8.317
5153.473,6.525
5154.659,5.529
5155.848,7.863
5157.034,7.467
5158.223,6.952
5159.41,6.617
5160.596,7.769
5161.786,6.153
5162.974,8.427
5164.165,6.668
5165.353,7
5166.543,5.452
5167.732,7.002
5168.921,5.776
5170.113,7.457
5171.302,6.232
5172.495,5.34
5173.685,5.712
5174.878,6.404
5176.068,5.233
5177.259,6.6
5178.453,7.366
5179.644,6.613
5180.838,6.609
5182.03,6.385
5183.225,6.359
5184.417,6.606
5185.61,6.572
5186.806,5.372
5188,7.432
5189.196,5.224
5190.39,6.528
5191.586,6.469
5192.781,6.217
5193.978,6.543
5195.173,7.912
5196.368,6.665
5197.566,6.467
5198.762,5.343
5199.961,6.136
5201.157,6.524
5202.356,5.084
5203.553,5.61
5204.75,5.994
5205.951,6.269
5207.148,5.319
5208.349,5.576
5209.547,8.114
5210.749,8.389
5211.947,7.192
5213.146,6.699
5214.348,7.441
5215.548,7.47
5216.75,6.46
5217.951,6.172
5219.154,5.803
5220.354,6.872
5221.556,6.649
5222.76,6.916
5223.961,6.72
5225.166,6.084
5226.368,8.736
5227.573,5.544
5228.775,5.63
5229.979,6.837
5231.185,6.01
5232.388,7.171
5233.594,5.973
5234.798,6.632
5236.005,7.209
5237.21,7.657
5238.415,5.384
5239.623,7.665
5240.828,6.353
5242.037,6.282
5243.243,6.748
5244.452,7.068
5245.658,5.585
5246.865,5.363
5248.075,6.848
5249.282,6.856
5250.493,7.156
5251.701,7.646
5252.912,6.178
5254.12,6.014
5255.329,6.907
5256.541,6.112
5257.75,6.223
5258.962,6.385
5260.172,6.237
5261.385,5.72
5262.596,5.983
5263.806,7.2
5265.02,7.126
5266.231,5.966
5267.446,7.843
5268.657,7.015
5269.872,6.985
5271.084,7.753
5272.297,6.001
5273.513,5.877
5274.726,4.752
5275.942,5.95
5277.156,5.224
5278.373,6.183
5279.587,5.958
5280.805,7.397
5282.02,6.818
5283.235,6.328
5284.453,6.33
5285.669,6.24
5286.888,5.488
5288.104,7.133
5289.323,6.095
5290.54,6.194
5291.757,7.808
5292.978,6.517
5294.195,5.581
5295.416,7.22
5296.634,6.571
5297.855,5.788
5299.074,7.756
5300.293,7.291
5301.516,6.525
5302.735,5.896
5303.958,6.647
5305.178,7.963
5306.401,6.089
5307.622,5.727
5308.843,7.213
5310.067,6.602
5311.289,6.908
5312.514,6.728
5313.736,6.571
5314.961,6.046
5316.184,6.078
5317.407,6.117
5318.633,6.564
5319.857,6.648
5321.083,7.475
5322.308,6.612
5323.535,7.342
5324.76,7.642
5325.984,5.617
5327.213,5.981
5328.438,6.238
5329.667,7.488
5330.893,7.131
5332.122,6.044
5333.349,5.293
5334.576,5.576
5335.806,7.385
5337.034,7.356
5338.264,7.392
5339.492,6.493
5340.724,6.828
5341.952,6.318
5343.181,6.427
5344.413,5.968
5345.643,7.457
5346.875,6.713
5348.105,7.448
5349.339,5.022
5350.569,5.722
5351.8,6.662
5353.034,7.25
5354.266,6.827
5355.5,6.973
5356.732,6.419
5357.968,7.229
5359.2,5.765
5360.433,5.613
5361.669,7.332
5362.903,6.561
5364.139,5.269
5365.374,7.566
5366.611,7.272
5367.845,6.704
5369.08,8.209
5370.318,6.562
5371.554,7.369
5372.792,6.993
5374.028,7.204
5375.268,7.655
5376.504,6.337
5377.744,7.905
5378.981,5.106
5380.218,6.916
5381.459,7.031
5382.697,6.107
5383.938,5.541
5385.177,5.943
5386.419,6.625
5387.658,7.121
5388.897,5.602
5390.14,6.377
5391.38,7.117
5392.623,6.562
5393.864,6.348
5395.107,6.395
5396.349,6.96
5397.59,7.265
5398.835,6.013
5400.077,5.726
5401.322,6.126
5402.564,8.348
5403.811,6.285
5405.054,5.074
5406.297,6.456
5407.544,6.75
5408.788,5.655
5410.035,6.019
5411.28,7.129
5412.527,5.803
5413.772,4.789
5415.018,6.075
5416.267,6.203
5417.513,5.077
5418.762,5.494
5420.008,5.942
5421.258,7.392
5422.505,9.702
5423.753,7.294
5425.003,5.165
5426.251,6.911
5427.503,6.346
5428.751,4.503
5430.003,6.026
5431.252,6.777
5432.502,6.111
5433.755,6.47
5435.005,5.221
5436.258,5.331
5437.509,5.841
5438.763,4.863
5440.014,4.234
5441.265,5.721
5442.52,6.595
5443.772,6.406
5445.027,6.418
5446.28,5.82
5447.536,6.288
5448.789,6.628
5450.042,6.751
5451.299,5.211
5452.553,6.221
5453.811,5.884
5455.065,5.186
5456.323,7.105
5457.579,5.689
5458.834,6.859
5460.093,6.405
5461.349,8.457
5462.608,8.227
5463.865,6.637
5465.125,4.951
5466.382,6.829
5467.64,6.699
5468.9,7.762
5470.159,5.894
5471.42,7.109
5472.679,6.807
5473.94,6.045
5475.2,5.652
5476.462,6.169
5477.722,6.417
5478.982,7.436
5480.246,6.766
5481.507,6.69
5482.771,7.05
5484.032,7.119
5485.296,7.151
5486.559,6.356
5487.821,5.318
5489.086,5.929
5490.349,6.938
5491.615,6.245
5492.878,5.854
5494.145,4.603
5495.409,5.623
5496.673,7.3
5497.94,6.951
5499.206,7.053
5500.474,6.697
5501.739,6.295
5503.007,8.639
5504.273,6.444
5505.54,7.503
5506.81,5.438
5508.076,4.746
5509.346,7.559
5510.614,6.612
5511.884,7.052
5513.152,7.38
5514.421,7.201
5515.692,7.737
5516.961,8.157
5518.233,8.17
5519.503,6.838
5520.776,7.188
5522.046,7.289
5523.316,7.5
5524.59,7.213
5525.861,8.279
5527.135,6.872
5528.406,5.567
5529.681,6.22
5530.954,5.576
5532.226,8.315
5533.501,7.095
5534.774,7.937
5536.051,6.571
5537.324,8.287
5538.601,6.089
5539.875,3.411
5541.15,5.398
5542.428,6.911
5543.703,6.176
5544.981,6.908
5546.257,7.112
5547.536,7.052
5548.812,7.101
5550.088,6.883
5551.368,7.241
5552.645,6.167
5553.926,6.473
5555.203,4.576
5556.484,4.383
5557.763,5.619
5559.041,6.513
5560.323,5.934
5561.602,5.446
5562.885,5.85
5564.165,6.711
5565.447,6.436
5566.728,6.847
5568.008,6.476
5569.292,6.382
5570.574,5.558
5571.858,6.274
5573.14,4.911
5574.425,6.763
5575.708,3.727
5576.993,12.484
5578.276,13.886
5579.56,2.956
5580.846,2.686
5582.13,2.771
5583.417,6.065
5584.702,6.674
5585.989,5.249
5587.274,6.055
5588.56,6.38
5589.849,6.407
5591.135,5.289
5592.424,6.253
5593.71,5.089
5595,6.105
5596.288,6.397
5597.575,5.689
5598.866,6.42
5600.154,5.358
5601.445,6.375
5602.733,5.575
5604.025,6.149
5605.315,6.683
5606.604,6.243
5607.897,6.126
5609.187,6.131
5610.48,6.099
5611.771,7.308
5613.065,6.551
5614.357,6.449
5615.648,5.751
5616.943,5.114
5618.235,7.753
5619.531,7.106
5620.824,6.72
5622.12,4.955
5623.413,7.265
5624.707,6.952
5626.004,7.797
5627.298,5.98
5628.596,7.323
5629.891,6.189
5631.189,8.03
5632.484,7.231
5633.78,5.063
5635.079,7.05
5636.375,6.374
5637.675,7.255
5638.972,7.709
5640.272,6.263
5641.57,7.133
5642.868,8.13
5644.169,7.427
5645.468,7.62
5646.77,7.818
5648.068,6.485
5649.371,6.893
5650.67,7.607
5651.971,6.868
5653.274,6.479
5654.574,5.71
5655.878,7.904
5657.18,6.68
5658.484,6.328
5659.786,7.28
5661.088,5.376
5662.393,6.738
5663.696,6.708
5665.002,5.743
5666.305,5.655
5667.612,5.796
5668.916,5.827
5670.22,7.762
5671.527,4.923
5672.832,6.232
5674.14,7.442
5675.445,8.095
5676.754,7.049
5678.06,5.535
5679.37,6.393
5680.676,7.386
5681.983,7.465
5683.293,6.344
5684.601,9.476
5685.911,6.461
5687.219,6.363
5688.531,4.803
5689.839,9.18
5691.148,4.797
5692.461,5.773
5693.771,6.822
5695.083,7.346
5696.394,6.405
5697.707,7.209
5699.018,7.241
5700.329,6.472
5701.643,4.502
5702.955,6.534
5704.27,6.255
5705.583,6.547
5706.898,6.902
5708.211,7.974
5709.524,5.874
5710.841,6.912
5712.154,6.551
5713.472,6.931
5714.786,6.649
5716.104,6.096
5717.419,6.603
5718.734,7.31
5720.053,5.859
5721.369,6.55
5722.688,7.016
5724.004,7.844
5725.324,7.547
5726.642,6.607
5727.959,8.704
5729.28,8.439
5730.598,6.362
5731.919,6.155
5733.238,6.289
5734.56,5.879
5735.879,5.692
5737.199,5.355
5738.521,6.842
5739.842,5.266
5741.166,6.853
5742.486,6.717
5743.811,5.533
5745.132,6.732
5746.454,4.961
5747.778,7.931
5749.101,5.976
5750.427,7.509
5751.75,6.363
5753.076,5.519
5754.399,6.553
5755.723,7.83
5757.05,6.399
5758.375,6.166
5759.703,5.932
5761.027,5.252
5762.356,6.526
5763.682,6.107
5765.008,4.996
5766.337,5.479
5767.664,3.981
5768.994,3.042
5770.321,6.22
5771.651,6.527
5772.979,6.277
5774.307,5.757
5775.639,5.004
5776.967,5.784
5778.299,6.062
5779.629,6.118
5780.961,4.828
5782.292,4.333
5783.625,5.924
5784.956,5.756
5786.286,8.209
5787.621,8.427
5788.952,5.85
5790.287,5.931
5791.619,7.776
5792.955,7.874
5794.287,5.93
5795.62,5.954
5796.957,7.097
5798.29,6.111
5799.627,6.728
5800.961,9.042
5802.299,5.348
5803.634,7.024
5804.969,4.553
5806.308,4.965
5807.644,4.698
5808.982,4.534
5810.319,6.519
5811.659,6.953
5812.996,5.822
5814.333,6.999
5815.674,7.102
5817.012,8.024
5818.353,8.483
5819.691,4.207
5821.034,6.856
5822.373,6.619
5823.712,6.25
5825.055,6.77
5826.395,5.114
5827.739,4.955
5829.079,6.688
5830.423,7.539
5831.765,6.974
5833.106,6.248
5834.452,6.716
5835.793,5.891
5837.14,6.184
5838.482,7.192
5839.829,8.081
5841.172,7.77
5842.516,6.116
5843.863,7.214
5845.208,7.312
5846.555,6.685
5847.9,6.911
5849.249,7
5850.594,7.533
5851.94,6.721
5853.29,6.068
5854.636,6.334
5855.986,6.376
5857.333,5.816
5858.684,5.865
5860.032,6.141
5861.38,6.254
5862.732,7.504
5864.081,6.855
5865.433,7.295
5866.782,6.491
5868.135,6.241
5869.485,5.956
5870.835,5.518
5872.189,5.173
5873.54,4.838
5874.894,7.076
5876.246,6.888
5877.601,4.363
5878.953,6.196
5880.305,7.252
5881.661,7.277
5883.015,7.412
5884.371,6.937
5885.725,6.865
5887.082,6.906
5888.437,6.68
5889.794,7.515
5891.149,8.021
5892.504,8.972
5893.863,6.838
5895.219,6.164
5896.579,7.399
5897.935,8.529
5899.295,7.068
5900.652,6.802
5902.01,7.755
5903.371,7.548
5904.729,6.582
5906.09,7.248
5907.449,6.104
5908.811,6.486
5910.17,7.035
5911.53,6.008
5912.893,6.452
5914.253,7.675
5915.617,7.481
5916.978,7.163
5918.343,7.371
5919.704,7.28
5921.066,7.03
5922.431,6.993
5923.794,7.053
5925.16,6.223
5926.523,7.02
5927.89,7.142
5929.253,8.443
5930.617,7.214
5931.985,7.31
5933.35,7.566
5934.718,6.812
5936.083,7.052
5937.452,6.04
5938.818,6.35
5940.184,6.496
5941.554,7.447
5942.92,6.246
5944.291,5.08
5945.659,5.515
5947.03,5.951
5948.397,6.11
5949.766,7.483
5951.138,8.451
5952.507,6.414
5953.88,5.867
5955.25,5.589
5956.623,7.969
5957.993,5.584
5959.364,7.025
5960.738,7.345
5962.109,7.796
5963.484,7.704
5964.856,5.933
5966.231,6.34
5967.604,8.392
5968.977,6.63
5970.353,6.908
5971.727,6.902
5973.104,7.679
5974.478,7.625
5975.855,8.236
5977.23,7.106
5978.605,5.732
5979.984,6.435
5981.36,6.837
5982.739,7.007
5984.115,7.786
5985.495,7.467
5986.872,7.491
5988.25,6.692
5989.63,7.573
5991.008,6.491
5992.39,6.619
5993.768,6.868
5995.15,7.633
5996.53,7.907
5997.913,7.578
5999.292,6.732
6000.672,5.874
6002.056,6.406
6003.437,7.529
6004.821,5.534
6006.203,5.321
6007.587,6.061
6008.97,7.875
6010.352,5.635
6011.738,6.063
6013.121,6.851
6014.508,6.481
6015.891,5.211
6017.278,5.585
6018.663,7.478
6020.047,5.763
6021.436,6.293
6022.821,6.659
6024.209,6.308
6025.596,6.433
6026.985,5.572
6028.372,6.745
6029.758,7.331
6031.149,5.801
6032.536,6.261
6033.927,7.425
6035.315,6.791
6036.707,7.065
6038.096,6.985
6039.485,7.319
6040.877,8.264
6042.267,6.953
6043.661,7.029
6045.051,7.14
6046.445,7.084
6047.836,7.559
6049.227,8.365
6050.622,7.059
6052.014,6.609
6053.41,7.471
6054.802,6.608
6056.198,6.934
6057.592,6.833
6058.985,7.251
6060.382,7.263
6061.776,7.835
6063.174,6.74
6064.569,6.98
6065.968,6.483
6067.363,7.085
6068.759,8.17
6070.158,7.891
6071.555,7.513
6072.955,6.903
6074.352,5.793
6075.753,6.613
6077.15,6.872
6078.548,6.76
6079.95,6.58
6081.349,6.978
6082.751,7.229
6084.15,7.063
6085.554,6.797
6086.954,6.501
6088.354,6.527
6089.758,6.433
6091.159,5.578
6092.563,5.91
6093.965,5.835
6095.37,6.007
6096.772,7.267
6098.178,7.045
6099.581,7.748
6100.984,6.912
6102.391,6.398
6103.795,6.779
6105.203,6.559
6106.607,6.412
6108.015,7.296
6109.42,6.779
6110.826,6.327
6112.235,7.83
6113.641,7.075
6115.051,6.358
6116.458,5.767
6117.868,6.964
6119.275,7.157
6120.683,6.962
6122.095,6.985
6123.503,7.554
6124.915,7.817
6126.324,6.86
6127.737,6.494
6129.146,7.33
6130.557,7.176
6131.97,7.102
6133.381,7.431
6134.795,6.333
6136.207,6.765
6137.622,7.31
6139.034,5.906
6140.446,6.142
6141.862,7.633
6143.275,7.414
6144.691,7.177
6146.105,7.19
6147.522,6.153
6148.937,7.69
6150.351,7.389
6151.769,6.773
6153.185,6.175
6154.604,7.741
6156.019,7.254
6157.439,7.664
6158.855,7.503
6160.272,6.551
6161.693,6.26
6163.11,6.642
6164.531,7.156
6165.95,6.727
6167.371,6.453
6168.79,7.416
6170.209,7.709
6171.632,7.255
6173.052,7.138
6174.476,7.597
6175.896,7.585
6177.32,7.851
6178.741,7.668
6180.163,7.258
6181.587,7.005
6183.01,6.756
6184.436,6.981
6185.858,7.077
6187.285,7.097
6188.708,6.341
6190.132,8.284
6191.559,7.567
6192.983,8.071
6194.412,6.82
6195.836,8.147
6197.265,7.612
6198.691,6.793
6200.117,7.384
6201.547,7.108
6202.973,6.843
6204.404,7.451
6205.831,6.444
6207.262,6.615
6208.69,6.674
6210.122,8.203
6211.55,6.574
6212.979,5.641
6214.412,6.241
6215.842,6.647
6217.275,6.623
6218.706,6.6
6220.139,6.537
6221.57,7.272
6223.001,7.52
6224.437,6.507
6225.869,8.2
6227.304,7.508
6228.737,7.318
6230.173,6.504
6231.606,6.347
6233.04,6.183
6234.477,5.415
6235.912,6.523
6237.35,6.817
6238.784,6.863
6240.223,7.085
6241.659,6.646
6243.094,6.15
6244.534,6.532
6245.971,6.963
6247.411,6.103
6248.848,6.836
6250.289,7.17
6251.727,6.413
6253.165,7.681
6254.607,6.788
6256.046,6.978
6257.489,7.291
6258.928,8.322
6260.372,7.162
6261.812,6.525
6263.252,6.744
6264.696,5.481
6266.138,6.85
6267.583,6.292
6269.024,7.103
6270.47,6.188
6271.913,6.682
6273.355,7.269
6274.802,7.102
6276.246,7.374
6277.693,7.531
6279.137,7.208
6280.585,7.029
6282.03,7.313
6283.475,6.71
6284.924,6.659
6286.37,7.739
6287.819,6.131
6289.266,5.832
6290.716,8.298
6292.164,7.768
6293.611,6.992
6295.062,6.281
6296.51,6.725
6297.962,5.842
6299.411,8.427
6300.864,6.094
6302.313,6.235
6303.763,7.749
6305.217,6.469
6306.667,6.024
6308.122,6.715
6309.573,6.965
6311.028,7.026
6312.479,6.611
6313.932,6.813
6315.388,6.24
6316.84,6.444
6318.297,9.993
6319.751,7.692
6321.208,6.895
6322.662,6.897
6324.12,7.474
6325.575,7.185
6327.03,6.889
6328.489,7.116
6329.945,6.849
6331.405,7.463
6332.861,7.545
6334.322,6.928
6335.779,7.594
6337.236,7.803
6338.698,7.129
6340.156,7.505
6341.618,7.533
6343.077,7.392
6344.54,6.845
6345.999,6.461
6347.459,7.199
6348.923,6.776
6350.383,6.664
6351.848,7.496
6353.309,7.169
6354.774,7.454
6356.236,6.868
6357.698,6.894
6359.164,6.833
6360.627,6.654
6362.094,6.81
6363.558,7.387
6365.025,5.819
6366.489,7.459
6367.954,7.096
6369.422,5.89
6370.888,7.039
6372.356,7.135
6373.823,6.554
6375.292,7.349
6376.759,7.397
6378.226,7.519
6379.697,6.978
6381.165,7.552
6382.636,6.82
6384.104,7.318
6385.576,7.424
6387.045,6.955
6388.515,7.161
6389.988,7.509
6391.458,6.592
6392.932,7.572
6394.402,7.406
6395.877,7.147
6397.348,7.097
6398.82,6.812
6400.295,7.674
6401.768,7.179
6403.244,6.807
6404.717,7.752
6406.194,7.242
6407.668,7.476
6409.142,8.112
6410.62,7.487
6412.095,7.547
6413.573,8.403
6415.049,8.704
6416.528,7.84
6418.004,7.002
6419.48,6.814
6420.961,7.245
6422.438,7.27
6423.919,7.095
6425.397,7.661
6426.878,7.269
6428.357,6.812
6429.836,6.886
6431.318,8.582
6432.798,7.085
6434.281,7.296
6435.762,8.494
6437.246,7.478
6438.727,7.68
6440.211,7.589
6441.693,6.862
6443.175,6.826
6444.661,7.328
6446.143,7.118
6447.629,6.905
6449.113,6.72
6450.6,6.292
6452.084,7.037
6453.568,6.229
6455.057,6.33
6456.542,6.342
6458.03,6.887
6459.516,7.474
6461.005,8.033
6462.492,7.131
6463.979,7.101
6465.469,7.014
6466.957,7.33
6468.448,7.178
6469.936,7.538
6471.428,6.812
6472.917,6.759
6474.406,7.898
6475.898,7.558
6477.388,7.102
6478.882,6.523
6480.373,7.835
6481.867,7.622
6483.358,7.633
6484.85,6.94
6486.345,8.117
6487.837,6.226
6489.333,8.028
6490.826,7.871
6492.323,7.578
6493.816,7.593
6495.31,7.081
6496.808,7.024
6498.303,7.401
6499.801,6.882
6501.296,6.845
6502.795,8.079
6504.292,7.503
6505.788,6.301
6507.288,7.444
6508.785,7.208
6510.286,7.213
6511.784,7.766
6513.285,6.921
6514.784,5.933
6516.282,8.639
6517.785,7.152
6519.284,7.44
6520.788,8.172
6522.288,7.287
6523.792,7.344
6525.292,7.534
6526.794,7.454
6528.299,7.881
6529.801,7.304
6531.306,6.462
6532.809,7.113
6534.315,7.066
6535.818,7.961
6537.322,7.259
6538.83,6.937
6540.334,6.615
6541.842,7.453
6543.347,7.061
6544.856,7.537
6546.361,6.399
6547.868,5.975
6549.377,7.993
6550.884,7.646
6552.395,6.999
6553.902,7.401
6555.414,7.525
6556.921,7.181
6558.434,7.151
6559.942,7.17
6561.451,7.073
6562.964,7.214
6564.474,5.075
6565.988,6.875
6567.499,5.327
6569.013,6.572
6570.524,5.7
6572.036,5.041
6573.551,6.707
6575.063,6.049
6576.58,6.094
6578.092,6.287
6579.609,6.747
6581.123,6.861
6582.637,7.045
6584.155,6.594
6585.669,7.093
6587.188,7.442
6588.704,6.708
6590.223,7.33
6591.739,7.026
6593.255,6.958
6594.776,7.346
6596.293,6.175
6597.814,7.047
6599.332,6.844
6600.854,7.504
6602.372,8.121
6603.891,7.19
6605.414,6.596
6606.934,7.242
6608.457,8.26
6609.977,7.386
6611.501,6.984
6613.022,7.295
6614.544,7.264
6616.069,7.231
6617.591,6.945
6619.117,6.253
6620.64,6.444
6622.167,7.344
6623.69,7.027
6625.214,6.391
6626.742,6.939
6628.266,7.153
6629.794,7.581
6631.32,7.324
6632.849,7.033
6634.375,6.524
6635.901,6.504
6637.431,6.499
6638.958,7.964
6640.489,7.373
6642.017,7.065
6643.548,6.57
6645.077,6.615
6646.605,6.273
6648.138,6.6
6649.667,7.513
6651.201,7.68
6652.731,7.423
6654.265,6.905
6655.796,7.388
6657.327,7.502
6658.862,6.817
6660.394,7.778
6661.93,6.576
6663.462,6.76
6664.999,7.205
6666.532,6.754
6668.066,6.797
6669.604,6.714
6671.138,7.988
6672.676,7.233
6674.211,6.661
6675.75,7.716
6677.286,7.63
6678.826,7.682
6680.362,6.962
6681.899,6.34
6683.44,6.798
6684.978,7.712
6686.519,7.949
6688.057,7.244
6689.6,7.107
6691.138,6.934
6692.678,7.669
6694.221,7.497
6695.761,7.485
6697.305,6.863
6698.846,7.397
6700.391,7.62
6701.932,6.471
6703.474,7.715
6705.02,7.929
6706.562,6.905
6708.108,7.433
6709.652,6.324
6711.199,7.727
6712.743,6.761
6714.287,6.425
6715.835,6.8
6717.38,7.482
6718.929,6.711
6720.475,6.401
6722.025,7.523
6723.571,7.326
6725.118,7.403
6726.668,7.731
6728.216,8.75
6729.768,7.979
6731.316,7.053
6732.868,7.048
6734.417,8.247
6735.966,6.965
6737.52,7.583
6739.069,6.083
6740.624,7.204
6742.174,7.563
6743.729,7.042
6745.28,7.437
6746.832,6.977
6748.388,7.394
6749.94,7.674
6751.497,7.339
6753.05,7.883
6754.607,7.488
6756.161,7.036
6757.715,7.197
6759.273,7.611
6760.829,8.29
6762.388,7.438
6763.943,6.272
6765.503,7.414
6767.06,7.66
6768.616,6.668
6770.177,6.94
6771.734,7.53
6773.296,6.954
6774.854,7.747
6776.417,8.021
6777.976,6.86
6779.535,7.015
6781.098,7.82
6782.658,7.147
6784.222,7.743
6785.783,7.262
6787.348,6.754
6788.909,7.089
6790.471,6.782
6792.037,7.112
6793.599,7.629
6795.166,7.858
6796.729,6.744
6798.296,6.811
6799.86,7.711
6801.428,7.852
6802.993,7.747
6804.558,7.091
6806.127,6.283
6807.693,6.259
6809.263,7.284
6810.829,6.768
6812.399,7.224
6813.967,7.071
6815.534,7.638
6817.106,7.35
6818.674,7.742
6820.247,7.421
6821.815,7.528
6823.389,8.12
6824.958,6.322
6826.528,6.701
6828.103,8.316
6829.673,7.122
6831.249,6.557
6832.82,8.033
6834.396,6.973
6835.968,7.443
6837.541,7.619
6839.117,6.887
6840.69,7.3
6842.268,7.196
6843.842,7.15
6845.42,7.336
6846.995,7.271
6848.57,7.149
6850.149,6.597
6851.725,6.998
6853.305,7.687
6854.882,7.854
6856.462,7.095
6858.04,6.645
6859.618,7.186
6861.199,6.687
6862.778,7.12
6864.36,7.055
6865.939,6.665
6867.522,7.678
6869.103,7.335
6870.683,5.823
6872.267,6.65
6873.848,5.194
6875.433,5.759
6877.015,5.786
6878.601,6.883
6880.183,6.829
6881.766,5.489
6883.353,6.729
6884.936,7.03
6886.524,7.101
6888.108,7.03
6889.696,6.416
6891.281,6.685
6892.867,7.154
6894.456,6.947
6896.042,7.75
6897.632,8.373
6899.219,7.277
6900.811,6.495
6902.398,6.745
6903.986,7.269
6905.578,6.428
6907.167,6.713
6908.759,6.62
6910.349,6.116
6911.942,6.452
6913.532,6.016
6915.123,6.685
6916.717,6.453
6918.308,7.364
6919.904,6.928
6921.496,6.951
6923.092,6.797
6924.685,6.232
6926.281,6.508
6927.875,6.858
6929.468,6.996
6931.066,6.769
6932.661,6.631
6934.259,6.464
6935.854,6.72
6937.454,6.671
6939.05,6.46
6940.646,6.652
6942.247,7.202
6943.844,7.11
6945.445,7.143
6947.043,6.556
6948.645,6.164
6950.243,6.567
6951.842,6.787
6953.445,6.388
6955.045,6.198
6956.649,6.865
6958.249,7.301
6959.854,7.215
6961.455,6.936
6963.056,6.834
6964.662,6.574
6966.264,6.817
6967.871,6.392
6969.474,5.697
6971.081,6.527
6972.684,7.14
6974.289,7.493
6975.896,6.207
6977.501,7.135
6979.11,6.834
6980.716,6.924
6982.326,6.169
6983.932,6.062
6985.539,6.418
6987.149,7.123
6988.757,6.023
6990.369,6.802
6991.977,6.881
6993.589,6.748
6995.198,7.48
6996.807,7.642
6998.42,6.317
7000.03,7.392
7001.645,7.141
7003.255,7.226
7004.87,6.797
7006.482,6.633
7008.094,6.137
7009.709,6.475
7011.322,6.747
7012.939,6.514
7014.552,6.949
7016.17,7.015
7017.784,6.993
7019.398,7.267
7021.017,7.324
7022.632,7.082
7024.251,6.943
7025.868,7.028
7027.488,6.767
7029.104,6.292
7030.721,6.369
7032.343,7.306
7033.96,6.591
7035.583,6.719
7037.201,6.963
7038.824,6.875
7040.443,7.203
7042.066,6.834
7043.687,6.819
7045.307,6.776
7046.932,7.114
7048.553,6.966
7050.178,5.579
7051.8,7.383
7053.426,7.489
7055.049,7.223
7056.672,6.64
7058.299,6.092
7059.923,7.412
7061.551,7.1
7063.175,6.735
7064.804,6.406
7066.429,6.953
7068.055,6.041
7069.685,6.26
7071.311,7.425
7072.942,7.61
7074.569,7.415
7076.2,6.893
7077.828,7.309
7079.456,8.281
7081.089,6.981
7082.718,6.908
7084.351,6.635
7085.981,6.972
7087.615,7.532
7089.245,6.774
7090.876,7.51
7092.511,7.308
7094.143,6.831
7095.779,7.287
7097.411,7.321
7099.048,7.204
7100.681,7.052
7102.314,7.162
7103.952,6.757
7105.586,7.387
7107.225,7.963
7108.86,6.926
7110.5,7.11
7112.135,7.421
7113.771,6.87
7115.412,6.68
7117.048,6.622
7118.69,7.24
7120.327,7.165
7121.969,6.736
7123.608,7.043
7125.247,6.861
7126.89,7.63
7128.529,7.074
7130.173,7.171
7131.813,7.14
7133.458,7.112
7135.099,6.52
7136.74,6.425
7138.386,6.846
7140.028,7.16
7141.675,7.338
7143.317,7.44
7144.965,7.107
7146.608,7.332
7148.252,7.453
7149.901,6.765
7151.546,6.574
7153.195,7.697
7154.84,7.596
7156.49,6.725
7158.137,7.046
7159.783,7.031
7161.435,7.528
7163.082,7.461
7164.734,7.386
7166.382,6.617
7168.035,6.915
7169.684,8.26
7171.337,7.423
7172.986,4.93
7174.637,8.043
7176.291,7.199
7177.942,6.683
7179.597,7.209
7181.249,6.896
7182.905,6.751
7184.557,7.024
7186.21,7.505
7187.867,6.489
7189.521,5.934
7191.179,6.766
7192.833,7.252
7194.492,6.365
7196.146,6.618
7197.802,7.506
7199.462,6.853
7201.118,7.139
7202.779,6.503
7204.436,7.062
7206.097,7.938
7207.755,6.761
7209.413,7.354
7211.076,7.507
7212.734,6.843
7214.397,7.744
7216.057,7.1
7217.721,5.783
7219.382,8.014
7221.042,7.497
7222.708,6.557
7224.369,7.035
7226.035,7.232
7227.697,6.844
7229.364,7.829
7231.027,7.325
7232.691,7.236
7234.358,6.846
7236.023,6.974
7237.691,6.098
7239.356,6.978
7241.026,4.344
7242.692,5.565
7244.358,7.959
7246.028,4.033
7247.695,5.196
7249.367,7.425
7251.034,6.837
7252.707,6.734
7254.375,6.884
7256.044,7.605
7257.717,6.331
7259.387,6.45
7261.061,6.735
7262.731,6.838
7264.406,7.271
7266.077,7.059
7267.749,8.236
7269.424,7.04
7271.097,6.795
7272.773,6.106
7274.446,6.054
7276.124,8.145
7277.798,5.921
7279.472,7.296
7281.151,6.889
7282.826,5.744
7284.505,6.122
7286.181,5.797
7287.861,7.362
7289.538,7.704
7291.215,6.962
7292.896,7.324
7294.574,7.346
7296.256,7.605
7297.934,6.592
7299.617,7.363
7301.296,8.553
7302.98,8.457
7304.66,7.359
7306.341,7.344
7308.025,7.026
7309.707,7.082
7311.392,6.793
7313.074,6.777
7314.761,7.199
7316.443,8.646
7318.126,13.418
7319.814,21.039
7321.498,17.049
7323.186,9.981
7324.871,7.268
7326.56,6.014
7328.246,7
7329.931,6.834
7331.622,6.52
7333.308,6.14
7335,6.325
7336.687,7.531
7338.378,8.115
7340.067,8.781
7341.755,9.051
7343.448,10.378
7345.138,8.781
7346.832,6.84
7348.521,7.301
7350.216,7.249
7351.907,7.184
7353.598,7.057
7355.294,6.003
7356.986,6.933
7358.683,6.825
7360.375,6.442
7362.073,8.32
7363.766,6.749
7365.46,7.209
7367.159,6.664
7368.854,6.481
7370.553,6.304
7372.249,7.019
7373.949,7.769
7375.645,7.291
7377.342,7.13
7379.043,7.075
7380.74,6.474
7382.442,7.184
7384.141,7.844
7385.843,6.431
7387.542,6.636
7389.242,7.256
7390.946,7.912
7392.646,7.34
7394.351,5.933
7396.052,6.064
7397.757,6.429
7399.459,6.861
7401.162,7.178
7402.868,6.754
7404.571,6.059
7406.279,7.7
7407.982,7.336
7409.691,7.808
7411.396,6.618
7413.101,6.646
7414.81,7.402
7416.516,6.862
7418.226,6.02
7419.933,7.418
7421.644,6.802
7423.351,6.288
7425.059,6.352
7426.771,7.181
7428.479,6.778
7430.192,8.523
7431.901,6.736
7433.615,7.499
7435.325,7.326
7437.04,7.741
7438.751,6.229
7440.462,6.76
7442.178,7.81
7443.89,7.663
7445.606,6.593
7447.319,7.756
7449.037,6.767
7450.75,7.28
7452.464,6.94
7454.183,7.028
7455.898,6.994
7457.617,7.133
7459.333,5.994
7461.053,7.372
7462.769,7.401
7464.486,7.37
7466.207,10.103
7467.925,7.046
7469.647,7.42
7471.365,6.322
7473.088,6.214
7474.808,8.662
7476.527,7.876
7478.251,8.316
7479.971,6.603
7481.696,6.697
7483.417,6.25
7485.143,6.31
7486.865,7.481
7488.587,7.233
7490.314,8.492
7492.037,8.522
7493.765,7.53
7495.489,7.945
7497.217,7.359
7498.942,6.859
7500.667,7.815
7502.397,7.615
7504.123,7.657
7505.853,7.627
7507.58,8.138
7509.311,9.236
7511.039,8.058
7512.767,6.739
7514.499,6.375
7516.228,6.8
7517.961,6.377
7519.69,6.385
7521.424,7.32
7523.155,6.342
7524.885,6.406
7526.621,6.477
7528.352,6.655
7530.088,7.027
7531.82,7.582
7533.557,6.201
7535.291,6.533
7537.024,7.097
7538.762,7.104
7540.496,7.111
7542.235,7.119
7543.97,7.126
7545.709,7.133
7547.445,7.14
7549.182,7.148
7550.923,7.155
7552.66,7.162
7554.401,7.169
7556.139,7.176
7557.882,7.184
7559.62,7.191
7561.359,7.198
7563.103,7.205
7564.843,7.213
7566.587,7.22
7568.328,7.227
7570.073,7.234
7571.815,7.241
7573.561,7.249
7575.303,7.256
7577.046,7.263
7578.793,7.27
7580.537,7.278
7582.285,7.285
7584.029,7.292
7585.778,7.299
7587.523,7.306
7589.269,7.314
7591.019,7.321
7592.765,7.328
7594.516,7.335
7596.263,7.343
7598.014,7.35
7599.762,7.357
7601.511,7.364
7603.264,7.372
7605.013,7.379
7606.766,7.386
7608.516,7.393
7610.271,7.4
7612.021,7.408
7613.772,7.415
7615.528,7.422
7617.28,7.429
7619.037,7.437
7620.79,7.444
7622.547,7.451
7624.3,7.458
7626.054,7.466
7627.813,7.473
7629.568,7.48
7631.327,7.487
7633.083,7.495
7634.843,7.502
7636.599,7.509
7638.356,7.516
7640.117,7.524
7641.875,7.531
7643.637,7.538
7645.396,7.545
7647.159,7.552
7648.918,7.56
7650.677,7.567
7652.442,7.574
7654.202,7.581
7655.967,7.589
7657.729,7.596
7659.494,6.597
7661.256,6.032
7663.019,5.16
7664.786,7.514
7666.549,5.336
7668.317,5.73
7670.081,6.723
7671.85,7.285
7673.615,7.806
7675.38,6.772
7677.15,7.029
7678.916,7.765
7680.687,5.761
7682.454,7.077
7684.225,6.703
7685.993,6
7687.761,6.375
7689.534,6.863
7691.303,5.652
7693.077,7.797
7694.846,7.623
7696.621,6.821
7698.391,6.182
7700.162,7.771
7701.938,6.074
7703.71,6.53
7705.486,7.527
7707.259,8.625
7709.036,7.315
7710.81,6.574
7712.588,4.956
7714.362,6.603
7716.137,4.472
7717.916,2.417
7719.691,6.784
7721.472,6.097
7723.248,8.33
7725.029,7.093
7726.806,6.734
7728.583,7.662
7730.366,6.575
7732.144,5.783
7733.927,6.61
7735.707,6.564
7737.49,6.363
7739.27,7.354
7741.051,6.167
7742.835,5.099
7744.617,6.471
7746.403,7.051
7748.185,7.716
7749.972,3.651
7751.754,5.821
7753.538,8.266
7755.326,4.938
7757.11,5.143
7758.898,6.248
7760.684,6.305
7762.473,8.387
7764.259,7.111
7766.045,5.118
7767.836,6.529
7769.623,7.759
7771.415,7.071
7773.202,7.176
7774.995,7.936
7776.783,8.524
7778.572,7.226
7780.366,6.604
7782.156,6
7783.951,6.63
7785.741,5.98
7787.537,6.615
7789.328,7.707
7791.12,8.293
7792.917,6.553
7794.709,5.349
7796.507,8.369
7798.3,8.098
7800.099,7.697
7801.893,7.562
7803.688,7.085
7805.487,6.758
7807.283,6.659
7809.083,4.936
7810.88,7.412
7812.681,6.976
7814.479,7.225
7816.276,7.427
7818.079,6.324
7819.877,6.504
7821.68,5.695
7823.479,7.166
7825.284,9.428
7827.084,8.056
7828.884,8.113
7830.69,7.874
7832.491,8.032
7834.297,7.303
7836.1,7.076
7837.907,7.935
7839.71,6.844
7841.513,8.954
7843.321,5.713
7845.126,8.514
7846.935,7.313
7848.74,7.52
7850.55,7.586
7852.356,7.37
7854.167,6.287
7855.974,6.31
7857.781,10.054
7859.593,9.195
7861.401,5.92
7863.214,8.402
7865.022,8.749
7866.836,7.912
7868.646,7.14
7870.456,5.058
7872.271,7.259
7874.082,7.937
7875.898,8.184
7877.71,5.985
7879.526,7.534
7881.339,6.742
7883.152,8.031
7884.97,6.783
7886.784,7.698
7888.603,4.823
7890.417,7.206
7892.237,6.519
7894.052,8.178
7895.869,7.099
7897.689,7.443
7899.506,7.029
7901.328,6.602
7903.146,6.69
7904.968,7.283
7906.786,7.366
7908.605,6.268
7910.429,5.787
7912.249,6.369
7914.073,6.642
7915.894,4.38
7917.719,9.222
7919.541,6.81
7921.363,5.468
7923.189,7.088
7925.012,8.351
7926.839,7.327
7928.663,5.418
7930.491,6.423
7932.316,5.988
7934.141,7.347
7935.97,7.252
7937.796,6.401
7939.626,5.561
7941.453,5.38
7943.284,7.088
7945.111,6.637
7946.939,6.885
7948.772,6.93
7950.601,6.562
7952.434,7.702
7954.263,7.042
7956.098,6.394
7957.928,6.547
7959.758,6.829
7961.594,6.349
7963.425,6.819
7965.262,6.189
7967.094,5.667
7968.932,6.491
7970.765,8.021
7972.598,6.132
7974.437,6.669
7976.271,6.02
7978.111,7.179
7979.946,7.352
7981.786,7.004
7983.623,7.937
7985.459,6.412
7987.3,7.069
7989.138,5.598
7990.98,6.132
7992.818,7.19
7994.662,4.294
7996.5,4.337
7998.345,9.573
8000.185,6.965
8002.025,7.725
8003.871,6.71
8005.711,6.95
8007.558,6.179
8009.4,6.212
8011.247,7.578
8013.09,6.952
8014.933,6.339
8016.781,4.596
8018.625,7.142
8020.475,6.863
8022.32,6.385
8024.17,5.954
8026.016,6.047
8027.862,4.11
8029.713,7.469
8031.561,6.364
8033.413,6.381
8035.261,6.666
8037.114,7.425
8038.962,6.832
8040.812,5.823
8042.666,6.388
8044.516,5.684
8046.371,6.06
8048.222,6.419
8050.078,7.092
8051.93,5.456
8053.783,6.201
8055.64,6.468
8057.493,6.588
8059.351,6.615
8061.205,7.236
8063.064,5.455
8064.919,5.749
8066.774,6.762
8068.634,5.563
8070.49,6.463
8072.352,6.905
8074.208,6.76
8076.07,7.074
8077.928,5.392
8079.787,6.706
8081.65,7.398
8083.509,6.243
8085.373,7.071
8087.233,7.602
8089.098,6.466
8090.959,6.849
8092.82,6.571
8094.687,6.842
8096.548,7.075
8098.416,7.071
8100.279,7.33
8102.146,7.212
8104.01,6.688
8105.875,7.328
8107.744,6.577
8109.609,6.75
8111.479,5.922
8113.345,7.302
8115.216,7.802
8117.083,6.641
8118.95,7.066
8120.823,6.638
8122.691,6.37
8124.564,6.355
8126.433,7.602
8128.307,7.205
8130.177,6.754
8132.051,5.837
8133.922,6.239
8135.793,6.188
8137.669,7.627
8139.542,7.326
8141.418,6.422
8143.292,6.775
8145.169,6.157
8147.043,5.986
8148.917,6.159
8150.796,6.777
8152.671,7.712
8154.551,7.362
8156.427,6.65
8158.308,6.853
8160.185,7.018
8162.062,7.43
8163.944,7.537
8165.823,6.125
8167.706,6.937
8169.584,6.858
8171.468,6.706
8173.348,6.802
8175.229,6.561
8177.114,6.96
8178.995,7.275
8180.881,7.601
8182.763,7.32
8184.65,7.634
8186.533,8.009
8188.416,7.534
8190.304,6.359
8192.188,6.152
8194.077,6.355
8195.963,7.621
8197.853,5.418
8199.738,6.556
8201.625,7.546
8203.516,6.822
8205.403,7.281
8207.296,7.099
8209.184,7.117
8211.076,7.108
8212.966,6.378
8214.854,6.67
8216.749,5.68
8218.64,6.991
8220.534,6.065
8222.426,7.282
8224.322,6.974
8226.214,7.312
8228.106,7.208
8230.004,6.824
8231.896,8.217
8233.795,7.331
8235.689,6.979
8237.589,6.293
8239.483,7.315
8241.379,7.086
8243.279,7.502
8245.176,6.607
8247.077,6.811
8248.975,7.313
8250.877,7.112
8252.774,6.376
8254.673,6.471
8256.577,7.538
8258.477,7.249
8260.381,6.355
8262.281,6.777
8264.187,6.513
8266.087,5.8
8267.989,6.653
8269.896,7.251
8271.798,6.841
8273.705,6.616
8275.608,7.43
8277.517,8.139
8279.421,6.984
8281.33,8.323
8283.235,7.698
8285.142,7.563
8287.052,5.787
8288.958,7.26
8290.869,7.696
8292.777,6.825
8294.689,5.565
8296.598,7.289
8298.506,6.874
8300.42,4.093
8302.329,7.711
8304.243,6.814
8306.154,5.751
8308.069,6.491
8309.98,8.313
8311.893,8.228
8313.809,8.656
8315.722,7.943
8317.64,5.954
8319.553,5.247
8321.471,6.817
8323.386,8.393
8325.3,7.33
8327.22,8.013
8329.136,6.938
8331.057,6.462
8332.973,7.087
8334.895,6.185
8336.812,5.861
8338.729,7.684
8340.652,7.009
8342.571,8.329
8344.495,6.128
8346.415,8.576
8348.34,10.633
8350.26,6.324
8352.181,7.958
8354.107,7.712
8356.029,6.506
8357.956,8.007
8359.879,6.215
8361.807,7.463
8363.729,7.519
8365.654,9.149
8367.583,8.037
8369.508,6.887
8371.438,7.913
8373.364,7.001
8375.295,6.485
8377.222,7.262
8379.148,7.568
8381.081,6.692
8383.009,6.461
8384.942,8.387
8386.871,6.823
8388.805,6.701
8390.734,6.473
8392.665,6.749
8394.601,6.506
8396.531,6.432
8398.468,7.308
8400.399,9.347
8402.337,8.757
8404.27,10.17
8406.203,5.983
8408.142,7.654
8410.076,6.441
8412.016,8.252
8413.95,7.157
8415.891,9.013
8417.827,9.571
8419.764,8.663
8421.705,6.838
8423.643,8.35
8425.585,6.782
8427.523,7.386
8429.467,6.589
8431.405,6.167
8433.35,4.484
8435.29,5.463
8437.23,6.753
8439.176,6.039
8441.117,7.358
8443.064,7.571
8445.006,6.943
8446.954,5.884
8448.896,7.62
8450.841,7.062
8452.789,7.909
8454.734,5.167
8456.684,6.516
8458.629,4.275
8460.579,7.485
8462.525,6.586
8464.473,8.346
8466.425,4.608
8468.372,8.383
8470.325,4.873
8472.273,8.24
8474.228,7.346
8476.177,7.106
8478.127,6.116
8480.082,6.382
8482.032,7.442
8483.988,7.264
8485.94,8.296
8487.897,8.093
8489.85,6.6
8491.803,7.908
8493.761,6.499
8495.715,7.581
8497.674,6.504
8499.629,5.982
8501.589,7.072
8503.545,6.102
8505.501,7.673
8507.462,5.529
8509.42,6.529
8511.382,5.688
8513.34,7.03
8515.303,8.16
8517.262,5.815
8519.222,6.838
8521.186,7.959
8523.146,7.804
8525.111,7.558
8527.072,6.97
8529.039,7.271
8531.001,7.073
8532.964,8.224
8534.932,7.622
8536.895,8.086
8538.863,7.23
8540.828,6.4
8542.797,5.698
8544.763,7.521
8546.729,6.804
8548.699,5.206
8550.666,5.944
8552.638,6.149
8554.604,5.844
8556.577,6.484
8558.546,7.804
8560.515,7.827
8562.489,7.664
8564.459,6.664
8566.434,6.44
8568.404,7.4
8570.38,6.318
8572.352,7.23
8574.324,8.448
8576.301,5.908
8578.274,5.141
8580.252,6.415
8582.226,6.684
8584.205,5.564
8586.18,6.221
8588.16,7.895
8590.136,6.964
8592.111,7.486
8594.093,7.445
8596.07,6.774
8598.053,6.225
8600.03,8.252
8602.014,5.119
8603.992,7.735
8605.972,5.136
8607.956,5.135
8609.937,7.152
8611.922,7.168
8613.903,6.713
8615.89,6.936
8617.871,6.213
8619.854,5.638
8621.842,7.053
8623.825,7.617
8625.813,5.349
8627.798,4.709
8629.788,8.613
8631.772,6.062
8633.759,5.726
8635.75,5.193
8637.736,6.459
8639.729,5.843
8641.716,7.725
8643.708,5.768
8645.697,6.752
8647.686,7.166
8649.68,7.29
8651.67,8.153
8653.665,6.191
8655.655,6.857
8657.651,5.112
8659.644,8.396
8661.636,7.633
8663.633,6.228
8665.626,7.36
8667.624,6.744
8669.618,8.29
8671.617,6.292
8673.612,8.164
8675.607,6.619
8677.608,5.587
8679.604,7.442
8681.605,8.119
8683.603,7.631
8685.605,7.79
8687.604,6.633
8689.603,7.018
8691.605,7.121
8693.605,6.21
8695.61,6.423
8697.61,6.766
8699.616,5.53
8701.617,8.266
8703.619,5.864
8705.626,7.535
8707.629,7.046
8709.637,6.186
8711.641,7.166
8713.649,6.262
8715.654,7.009
8717.659,7.135
8719.67,7.552
8721.676,6.531
8723.687,5.904
8725.693,7.034
8727.706,7.112
8729.713,7.048
8731.722,6.904
8733.735,6.792
8735.744,7.74
8737.759,5.645
8739.769,5.233
8741.784,5.403
8743.795,6.99
8745.812,7.642
8747.823,6.602
8749.836,6.566
8751.854,6.6
8753.867,6.176
8755.886,4.16
8757.9,4.78
8759.92,10.001
8761.935,6.9
8763.95,5.899
8765.972,2.383
8767.988,7.606
8770.01,1.795
8772.027,4.907
8774.05,5.357
8776.068,7.577
8778.088,8.555
8780.111,6.786
8782.132,8.236
8784.156,7.477
8786.178,4.721
8788.203,6.624
8790.226,6.949
8792.247,9.045
8794.275,6.198
8796.298,8.095
8798.326,5.433
8800.351,6.7
8802.38,5.705
8804.405,7.385
8806.431,7.506
8808.461,8.397
8810.487,8.151
8812.52,9.329
8814.546,7.672
8816.579,7.542
8818.607,6.336
8820.636,5.8
8822.67,6.069
8824.699,7.042
8826.734,6.778
8828.765,6.039
8830.801,10.198
8832.833,2.21
8834.864,6.959
8836.901,7.08
8838.935,10.219
8840.973,6.775
8843.007,7.482
8845.046,7.871
8847.081,6.9
8849.116,7.301
8851.156,8.974
8853.192,6.458
8855.234,5.639
8857.271,6.506
8859.314,7.043
8861.352,8.199
8863.391,8.519
8865.435,8.006
8867.474,7.186
8869.519,9.862
8871.56,8.994
8873.604,4.523
8875.646,5.709
8877.688,8.653
8879.735,5.804
8881.778,8.22
8883.826,7.773
8885.87,9.79
8887.919,9.691
8889.964,9.136
8892.009,3.694
8894.06,6.886
8896.105,6.006
8898.156,7.435
8900.204,4.71
8902.256,6.283
8904.304,7.392
8906.357,3.6
8908.406,4.473
8910.456,6.91
8912.511,6.908
8914.561,7.39
8916.616,5.517
8918.668,3.52
8920.725,14.291
8922.776,1.987
8924.829,8.498
8926.887,6.428
8928.94,7.789
8931,5.565
8933.055,6.015
8935.114,7.284
8937.17,7.201
8939.226,7.882
8941.287,6.386
8943.344,6.501
8945.406,7.366
8947.464,9.907
8949.527,7.408
8951.586,7.435
8953.646,5.306
8955.71,6.823
8957.771,7.793
8959.836,5.289
8961.897,6.818
8963.964,4.605
8966.026,8.175
8968.089,6.691
8970.157,7.881
8972.221,8.91
8974.289,7.236
8976.354,4.963
8978.424,7.756
8980.489,7.162
8982.556,6.589
8984.627,6.794
8986.693,7.015
8988.766,8.935
8990.834,8.184
8992.907,6.239
8994.976,3.231
8997.045,7.261
8999.12,8.498
9001.19,5.842
9003.266,11.026
9005.337,10.078
9007.413,4.059
9009.485,5.735
9011.559,6.644
9013.636,7.294
9015.71,8.238
9017.789,6.551
9019.863,6.924
9021.943,6.683
9024.019,6.784
9026.095,8.138
9028.176,5.546
9030.253,8.291
9032.335,7.317
9034.413,6.932
9036.497,9.256
9038.575,7.093
9040.654,5.27
9042.739,7.192
9044.819,6.526
9046.905,6.068
9048.986,5.631
9051.073,6.025
9053.155,7.49
9055.238,5.618
9057.326,7.414
9059.41,6.864
9061.499,6.892
9063.584,7.508
9065.674,8.434
9067.759,7.467
9069.851,7.765
9071.937,5.758
9074.023,8.408
9076.116,8.328
9078.204,7.102
9080.298,7.79
9082.387,7.735
9084.48,6.661
9086.57,7.495
9088.661,7.291
9090.757,6.158
9092.849,8.717
9094.945,7.285
9097.037,6.378
9099.135,5.289
9101.229,9.1
9103.322,6.302
9105.421,10.795
9107.516,8.528
9109.616,4.093
9111.712,7.531
9113.812,6.3
9115.909,5.806
9118.007,7.242
9120.109,5.633
9122.207,8.473
9124.311,6.386
9126.41,5.899
9128.515,7.696
9130.614,5.172
9132.715,5.939
9134.821,6.908
9136.922,8.972
9139.029,7.433
9141.132,7.275
9143.239,7.714
9145.343,6.921
9147.447,7.618
9149.557,5.858
9151.661,4.3
9153.771,7.159
9155.877,8.67
9157.988,8.792
9160.096,6.867
9162.203,5.549
9164.315,6.713
9166.424,6.356
9168.537,6.601
9170.646,7.324
9172.762,7.659
9174.871,6.894
9176.982,7.636
9179.099,8.544
9181.21,7.395
9183.327,8.37
9185.439,5.053
9187.558,5.632
9189.672,4.965
9191.785,7.91
9193.905,5.69
9196.021,6.86